canonical_smiles,group_size,status,sample_id,source,source_id,source_row,smiles_raw,smiles,homo,homo_min,homo_max,homo_range,homo_aggregate,lumo,lumo_min,lumo_max,lumo_range,lumo_aggregate,delta_e,delta_e_min,delta_e_max,delta_e_range,delta_e_aggregate
Cc1cnccn1,2,aggregated,qm9_full:gdb_933,qm9_full,gdb_933,934,Cc1cnccn1,Cc1cnccn1,-0.2438,-0.2438,-0.2438,0,-0.2438,-0.0469,-0.0469,-0.0469,0,-0.0469,0.1969,0.1969,0.1969,0,0.1969
Cc1cnccn1,2,aggregated,qm9_full:gdb_937,qm9_full,gdb_937,938,Cc1cnccn1,Cc1cnccn1,-0.2438,-0.2438,-0.2438,0,-0.2438,-0.0469,-0.0469,-0.0469,0,-0.0469,0.1969,0.1969,0.1969,0,0.1969
Nc1cnccn1,2,aggregated,qm9_full:gdb_942,qm9_full,gdb_942,943,c1cnc(cn1)N,Nc1cnccn1,-0.2239,-0.2239,-0.2239,0,-0.2239,-0.0358,-0.0358,-0.0357,0.0001,-0.03575,0.1881,0.1881,0.1881,0,0.1881
Nc1cnccn1,2,aggregated,qm9_full:gdb_946,qm9_full,gdb_946,947,c1cnc(cn1)N,Nc1cnccn1,-0.2239,-0.2239,-0.2239,0,-0.2239,-0.0357,-0.0358,-0.0357,0.0001,-0.03575,0.1881,0.1881,0.1881,0,0.1881
Oc1cnccn1,2,aggregated,qm9_full:gdb_952,qm9_full,gdb_952,953,c1cnc(cn1)O,Oc1cnccn1,-0.2486,-0.2486,-0.2486,0,-0.2486,-0.0474,-0.0474,-0.0474,0,-0.0474,0.2013,0.2013,0.2013,0,0.2013
Oc1cnccn1,2,aggregated,qm9_full:gdb_956,qm9_full,gdb_956,957,c1cnc(cn1)O,Oc1cnccn1,-0.2486,-0.2486,-0.2486,0,-0.2486,-0.0474,-0.0474,-0.0474,0,-0.0474,0.2013,0.2013,0.2013,0,0.2013
Fc1cnccn1,2,aggregated,qm9_full:gdb_4211,qm9_full,gdb_4211,4212,c1cnc(cn1)F,Fc1cnccn1,-0.268,-0.268,-0.268,0,-0.268,-0.0598,-0.0598,-0.0598,0,-0.0598,0.2082,0.2082,0.2082,0,0.2082
Fc1cnccn1,2,aggregated,qm9_full:gdb_4215,qm9_full,gdb_4215,4216,c1cnc(cn1)F,Fc1cnccn1,-0.268,-0.268,-0.268,0,-0.268,-0.0598,-0.0598,-0.0598,0,-0.0598,0.2082,0.2082,0.2082,0,0.2082
Cc1cnc(N)cn1,2,aggregated,qm9_full:gdb_4570,qm9_full,gdb_4570,4571,Cc1cnc(cn1)N,Cc1cnc(N)cn1,-0.216,-0.216,-0.216,0,-0.216,-0.0337,-0.0337,-0.0337,0,-0.0337,0.1823,0.1823,0.1823,0,0.1823
Cc1cnc(N)cn1,2,aggregated,qm9_full:gdb_4577,qm9_full,gdb_4577,4578,Cc1cnc(cn1)N,Cc1cnc(N)cn1,-0.216,-0.216,-0.216,0,-0.216,-0.0337,-0.0337,-0.0337,0,-0.0337,0.1823,0.1823,0.1823,0,0.1823
Cc1cnc(O)cn1,2,aggregated,qm9_full:gdb_4573,qm9_full,gdb_4573,4574,Cc1cnc(cn1)O,Cc1cnc(O)cn1,-0.2381,-0.2381,-0.2381,0,-0.2381,-0.0442,-0.0442,-0.0442,0,-0.0442,0.1939,0.1939,0.1939,0,0.1939
Cc1cnc(O)cn1,2,aggregated,qm9_full:gdb_4580,qm9_full,gdb_4580,4581,Cc1cnc(cn1)O,Cc1cnc(O)cn1,-0.2381,-0.2381,-0.2381,0,-0.2381,-0.0442,-0.0442,-0.0442,0,-0.0442,0.1939,0.1939,0.1939,0,0.1939
C#Cc1cnccn1,2,aggregated,qm9_full:gdb_5340,qm9_full,gdb_5340,5341,C#Cc1cnccn1,C#Cc1cnccn1,-0.2552,-0.2552,-0.2552,0,-0.2552,-0.0642,-0.0642,-0.0642,0,-0.0642,0.191,0.191,0.191,0,0.191
C#Cc1cnccn1,2,aggregated,qm9_full:gdb_5344,qm9_full,gdb_5344,5345,C#Cc1cnccn1,C#Cc1cnccn1,-0.2552,-0.2552,-0.2552,0,-0.2552,-0.0642,-0.0642,-0.0642,0,-0.0642,0.191,0.191,0.191,0,0.191
N#Cc1cnccn1,2,aggregated,qm9_full:gdb_5350,qm9_full,gdb_5350,5351,c1cnc(cn1)C#N,N#Cc1cnccn1,-0.2787,-0.2787,-0.2786,0.0001,-0.27865,-0.0885,-0.0885,-0.0885,0,-0.0885,0.1901,0.1901,0.1901,0,0.1901
N#Cc1cnccn1,2,aggregated,qm9_full:gdb_5354,qm9_full,gdb_5354,5355,c1cnc(cn1)C#N,N#Cc1cnccn1,-0.2786,-0.2787,-0.2786,0.0001,-0.27865,-0.0885,-0.0885,-0.0885,0,-0.0885,0.1901,0.1901,0.1901,0,0.1901
O=Cc1cnccn1,2,aggregated,qm9_full:gdb_5360,qm9_full,gdb_5360,5361,c1cnc(cn1)C=O,O=Cc1cnccn1,-0.2559,-0.2559,-0.2559,0,-0.2559,-0.0904,-0.0904,-0.0904,0,-0.0904,0.1655,0.1655,0.1655,0,0.1655
O=Cc1cnccn1,2,aggregated,qm9_full:gdb_5364,qm9_full,gdb_5364,5365,c1cnc(cn1)C=O,O=Cc1cnccn1,-0.2559,-0.2559,-0.2559,0,-0.2559,-0.0904,-0.0904,-0.0904,0,-0.0904,0.1655,0.1655,0.1655,0,0.1655
CCc1cnccn1,2,aggregated,qm9_full:gdb_5382,qm9_full,gdb_5382,5383,CCc1cnccn1,CCc1cnccn1,-0.2433,-0.2433,-0.2433,0,-0.2433,-0.0467,-0.0467,-0.0467,0,-0.0467,0.1966,0.1966,0.1966,0,0.1966
CCc1cnccn1,2,aggregated,qm9_full:gdb_5386,qm9_full,gdb_5386,5387,CCc1cnccn1,CCc1cnccn1,-0.2433,-0.2433,-0.2433,0,-0.2433,-0.0467,-0.0467,-0.0467,0,-0.0467,0.1966,0.1966,0.1966,0,0.1966
CNc1cnccn1,2,aggregated,qm9_full:gdb_5391,qm9_full,gdb_5391,5392,CNc1cnccn1,CNc1cnccn1,-0.212,-0.212,-0.212,0,-0.212,-0.0327,-0.0327,-0.0327,0,-0.0327,0.1793,0.1793,0.1793,0,0.1793
CNc1cnccn1,2,aggregated,qm9_full:gdb_5395,qm9_full,gdb_5395,5396,CNc1cnccn1,CNc1cnccn1,-0.212,-0.212,-0.212,0,-0.212,-0.0327,-0.0327,-0.0327,0,-0.0327,0.1793,0.1793,0.1793,0,0.1793
COc1cnccn1,2,aggregated,qm9_full:gdb_5401,qm9_full,gdb_5401,5402,COc1cnccn1,COc1cnccn1,-0.2413,-0.2413,-0.2413,0,-0.2413,-0.0421,-0.0421,-0.0421,0,-0.0421,0.1992,0.1992,0.1992,0,0.1992
COc1cnccn1,2,aggregated,qm9_full:gdb_5405,qm9_full,gdb_5405,5406,COc1cnccn1,COc1cnccn1,-0.2413,-0.2413,-0.2413,0,-0.2413,-0.0421,-0.0421,-0.0421,0,-0.0421,0.1992,0.1992,0.1992,0,0.1992
OCc1cnccn1,2,aggregated,qm9_full:gdb_5411,qm9_full,gdb_5411,5412,c1cnc(cn1)CO,OCc1cnccn1,-0.2425,-0.2425,-0.2425,0,-0.2425,-0.0454,-0.0454,-0.0454,0,-0.0454,0.1971,0.1971,0.1971,0,0.1971
OCc1cnccn1,2,aggregated,qm9_full:gdb_5415,qm9_full,gdb_5415,5416,c1cnc(cn1)CO,OCc1cnccn1,-0.2425,-0.2425,-0.2425,0,-0.2425,-0.0454,-0.0454,-0.0454,0,-0.0454,0.1971,0.1971,0.1971,0,0.1971
Nc1cnnc(O)c1,2,aggregated,qm9_full:gdb_21576,qm9_full,gdb_21576,21577,c1c(cnnc1O)N,Nc1cnnc(O)c1,-0.2286,-0.2286,-0.2286,0,-0.2286,-0.0285,-0.0285,-0.0285,0,-0.0285,0.2001,0.2,0.2001,0.0001,0.20005
Nc1cnnc(O)c1,2,aggregated,qm9_full:gdb_21585,qm9_full,gdb_21585,21586,c1c(cnnc1O)N,Nc1cnnc(O)c1,-0.2286,-0.2286,-0.2286,0,-0.2286,-0.0285,-0.0285,-0.0285,0,-0.0285,0.2,0.2,0.2001,0.0001,0.20005
Nc1cnc(O)nn1,2,aggregated,qm9_full:gdb_21584,qm9_full,gdb_21584,21585,c1c(nnc(n1)O)N,Nc1cnc(O)nn1,-0.2284,-0.2284,-0.2284,0,-0.2284,-0.0673,-0.0673,-0.0673,0,-0.0673,0.1611,0.1611,0.1611,0,0.1611
Nc1cnc(O)nn1,2,aggregated,qm9_full:gdb_21641,qm9_full,gdb_21641,21642,c1c(nnc(n1)O)N,Nc1cnc(O)nn1,-0.2284,-0.2284,-0.2284,0,-0.2284,-0.0673,-0.0673,-0.0673,0,-0.0673,0.1611,0.1611,0.1611,0,0.1611
Nc1cnnc(O)n1,2,aggregated,qm9_full:gdb_21586,qm9_full,gdb_21586,21587,c1c(nc(nn1)O)N,Nc1cnnc(O)n1,-0.2288,-0.2288,-0.2288,0,-0.2288,-0.0469,-0.0469,-0.0469,0,-0.0469,0.1819,0.1819,0.1819,0,0.1819
Nc1cnnc(O)n1,2,aggregated,qm9_full:gdb_21628,qm9_full,gdb_21628,21629,c1c(nc(nn1)O)N,Nc1cnnc(O)n1,-0.2288,-0.2288,-0.2288,0,-0.2288,-0.0469,-0.0469,-0.0469,0,-0.0469,0.1819,0.1819,0.1819,0,0.1819
Cc1cnc(F)cn1,2,aggregated,qm9_full:gdb_23703,qm9_full,gdb_23703,23704,Cc1cnc(cn1)F,Cc1cnc(F)cn1,-0.2623,-0.2623,-0.2623,0,-0.2623,-0.0557,-0.0557,-0.0557,0,-0.0557,0.2066,0.2066,0.2066,0,0.2066
Cc1cnc(F)cn1,2,aggregated,qm9_full:gdb_23707,qm9_full,gdb_23707,23708,Cc1cnc(cn1)F,Cc1cnc(F)cn1,-0.2623,-0.2623,-0.2623,0,-0.2623,-0.0557,-0.0557,-0.0557,0,-0.0557,0.2066,0.2066,0.2066,0,0.2066
Nc1cnnc(F)c1,2,aggregated,qm9_full:gdb_23784,qm9_full,gdb_23784,23785,c1c(cnnc1F)N,Nc1cnnc(F)c1,-0.2357,-0.2357,-0.2357,0,-0.2357,-0.0393,-0.0393,-0.0393,0,-0.0393,0.1964,0.1964,0.1964,0,0.1964
Nc1cnnc(F)c1,2,aggregated,qm9_full:gdb_23786,qm9_full,gdb_23786,23787,c1c(cnnc1F)N,Nc1cnnc(F)c1,-0.2357,-0.2357,-0.2357,0,-0.2357,-0.0393,-0.0393,-0.0393,0,-0.0393,0.1964,0.1964,0.1964,0,0.1964
Nc1cnc(F)nn1,2,aggregated,qm9_full:gdb_23785,qm9_full,gdb_23785,23786,c1c(nnc(n1)F)N,Nc1cnc(F)nn1,-0.2461,-0.2461,-0.2461,0,-0.2461,-0.0775,-0.0775,-0.0775,0,-0.0775,0.1686,0.1686,0.1686,0,0.1686
Nc1cnc(F)nn1,2,aggregated,qm9_full:gdb_23789,qm9_full,gdb_23789,23790,c1c(nnc(n1)F)N,Nc1cnc(F)nn1,-0.2461,-0.2461,-0.2461,0,-0.2461,-0.0775,-0.0775,-0.0775,0,-0.0775,0.1686,0.1686,0.1686,0,0.1686
Nc1cnnc(F)n1,2,aggregated,qm9_full:gdb_23787,qm9_full,gdb_23787,23788,c1c(nc(nn1)F)N,Nc1cnnc(F)n1,-0.2426,-0.2426,-0.2426,0,-0.2426,-0.058,-0.058,-0.058,0,-0.058,0.1846,0.1846,0.1846,0,0.1846
Nc1cnnc(F)n1,2,aggregated,qm9_full:gdb_23788,qm9_full,gdb_23788,23789,c1c(nc(nn1)F)N,Nc1cnnc(F)n1,-0.2426,-0.2426,-0.2426,0,-0.2426,-0.058,-0.058,-0.058,0,-0.058,0.1846,0.1846,0.1846,0,0.1846
C#CCc1cnccn1,2,aggregated,qm9_full:gdb_24027,qm9_full,gdb_24027,24028,C#CCc1cnccn1,C#CCc1cnccn1,-0.2463,-0.2463,-0.2463,0,-0.2463,-0.0516,-0.0516,-0.0516,0,-0.0516,0.1947,0.1947,0.1947,0,0.1947
C#CCc1cnccn1,2,aggregated,qm9_full:gdb_24031,qm9_full,gdb_24031,24032,C#CCc1cnccn1,C#CCc1cnccn1,-0.2463,-0.2463,-0.2463,0,-0.2463,-0.0516,-0.0516,-0.0516,0,-0.0516,0.1947,0.1947,0.1947,0,0.1947
N#CCc1cnccn1,2,aggregated,qm9_full:gdb_24037,qm9_full,gdb_24037,24038,c1cnc(cn1)CC#N,N#CCc1cnccn1,-0.262,-0.262,-0.262,0,-0.262,-0.0658,-0.0658,-0.0658,0,-0.0658,0.1962,0.1962,0.1962,0,0.1962
N#CCc1cnccn1,2,aggregated,qm9_full:gdb_24041,qm9_full,gdb_24041,24042,c1cnc(cn1)CC#N,N#CCc1cnccn1,-0.262,-0.262,-0.262,0,-0.262,-0.0658,-0.0658,-0.0658,0,-0.0658,0.1962,0.1962,0.1962,0,0.1962
c1cnc(C2CC2)cn1,2,aggregated,qm9_full:gdb_24638,qm9_full,gdb_24638,24639,c1cnc(cn1)C2CC2,c1cnc(C2CC2)cn1,-0.2426,-0.2426,-0.2426,0,-0.2426,-0.0425,-0.0425,-0.0425,0,-0.0425,0.2001,0.2001,0.2001,0,0.2001
c1cnc(C2CC2)cn1,2,aggregated,qm9_full:gdb_24642,qm9_full,gdb_24642,24643,c1cnc(cn1)C2CC2,c1cnc(C2CC2)cn1,-0.2426,-0.2426,-0.2426,0,-0.2426,-0.0425,-0.0425,-0.0425,0,-0.0425,0.2001,0.2001,0.2001,0,0.2001
c1cnc(N2CC2)cn1,2,aggregated,qm9_full:gdb_24647,qm9_full,gdb_24647,24648,c1cnc(cn1)N2CC2,c1cnc(N2CC2)cn1,-0.2288,-0.2288,-0.2288,0,-0.2288,-0.0407,-0.0407,-0.0407,0,-0.0407,0.1881,0.1881,0.1881,0,0.1881
c1cnc(N2CC2)cn1,2,aggregated,qm9_full:gdb_24651,qm9_full,gdb_24651,24652,c1cnc(cn1)N2CC2,c1cnc(N2CC2)cn1,-0.2288,-0.2288,-0.2288,0,-0.2288,-0.0407,-0.0407,-0.0407,0,-0.0407,0.1881,0.1881,0.1881,0,0.1881
c1cnc(C2CN2)cn1,2,aggregated,qm9_full:gdb_24657,qm9_full,gdb_24657,24658,C1NC1C1=CN=CC=N1,c1cnc(C2CN2)cn1,-0.2402,-0.2402,-0.2402,0,-0.2402,-0.044,-0.044,-0.044,0,-0.044,0.1962,0.1962,0.1962,0,0.1962
c1cnc(C2CN2)cn1,2,aggregated,qm9_full:gdb_24661,qm9_full,gdb_24661,24662,C1NC1C1=NC=CN=C1,c1cnc(C2CN2)cn1,-0.2402,-0.2402,-0.2402,0,-0.2402,-0.044,-0.044,-0.044,0,-0.044,0.1962,0.1962,0.1962,0,0.1962
c1cnc(C2CO2)cn1,2,aggregated,qm9_full:gdb_24667,qm9_full,gdb_24667,24668,C1OC1C1=CN=CC=N1,c1cnc(C2CO2)cn1,-0.2496,-0.2496,-0.2496,0,-0.2496,-0.0527,-0.0527,-0.0527,0,-0.0527,0.1969,0.1969,0.1969,0,0.1969
c1cnc(C2CO2)cn1,2,aggregated,qm9_full:gdb_24671,qm9_full,gdb_24671,24672,C1OC1C1=NC=CN=C1,c1cnc(C2CO2)cn1,-0.2496,-0.2496,-0.2496,0,-0.2496,-0.0527,-0.0527,-0.0527,0,-0.0527,0.1969,0.1969,0.1969,0,0.1969
N=CNc1cnccn1,2,aggregated,qm9_full:gdb_25477,qm9_full,gdb_25477,25478,c1cnc(cn1)NC=N,N=CNc1cnccn1,-0.2283,-0.2283,-0.2283,0,-0.2283,-0.0519,-0.0519,-0.0519,0,-0.0519,0.1764,0.1764,0.1764,0,0.1764
N=CNc1cnccn1,2,aggregated,qm9_full:gdb_25481,qm9_full,gdb_25481,25482,c1cnc(cn1)NC=N,N=CNc1cnccn1,-0.2283,-0.2283,-0.2283,0,-0.2283,-0.0519,-0.0519,-0.0519,0,-0.0519,0.1764,0.1764,0.1764,0,0.1764
N=COc1cnccn1,2,aggregated,qm9_full:gdb_25487,qm9_full,gdb_25487,25488,N=COC1=CN=CC=N1,N=COc1cnccn1,-0.2561,-0.2561,-0.2561,0,-0.2561,-0.0603,-0.0603,-0.0603,0,-0.0603,0.1958,0.1958,0.1958,0,0.1958
N=COc1cnccn1,2,aggregated,qm9_full:gdb_25491,qm9_full,gdb_25491,25492,N=COC1=NC=CN=C1,N=COc1cnccn1,-0.2561,-0.2561,-0.2561,0,-0.2561,-0.0603,-0.0603,-0.0603,0,-0.0603,0.1958,0.1958,0.1958,0,0.1958
O=CCc1cnccn1,2,aggregated,qm9_full:gdb_25497,qm9_full,gdb_25497,25498,c1cnc(cn1)CC=O,O=CCc1cnccn1,-0.2493,-0.2493,-0.2493,0,-0.2493,-0.0607,-0.0607,-0.0607,0,-0.0607,0.1886,0.1886,0.1886,0,0.1886
O=CCc1cnccn1,2,aggregated,qm9_full:gdb_25501,qm9_full,gdb_25501,25502,c1cnc(cn1)CC=O,O=CCc1cnccn1,-0.2493,-0.2493,-0.2493,0,-0.2493,-0.0607,-0.0607,-0.0607,0,-0.0607,0.1886,0.1886,0.1886,0,0.1886
O=CNc1cnccn1,2,aggregated,qm9_full:gdb_25507,qm9_full,gdb_25507,25508,c1cnc(cn1)NC=O,O=CNc1cnccn1,-0.2449,-0.2449,-0.2449,0,-0.2449,-0.0536,-0.0536,-0.0536,0,-0.0536,0.1914,0.1914,0.1914,0,0.1914
O=CNc1cnccn1,2,aggregated,qm9_full:gdb_25511,qm9_full,gdb_25511,25512,c1cnc(cn1)NC=O,O=CNc1cnccn1,-0.2449,-0.2449,-0.2449,0,-0.2449,-0.0536,-0.0536,-0.0536,0,-0.0536,0.1914,0.1914,0.1914,0,0.1914
O=COc1cnccn1,2,aggregated,qm9_full:gdb_25517,qm9_full,gdb_25517,25518,c1cnc(cn1)OC=O,O=COc1cnccn1,-0.2676,-0.2676,-0.2676,0,-0.2676,-0.0683,-0.0683,-0.0683,0,-0.0683,0.1993,0.1993,0.1993,0,0.1993
O=COc1cnccn1,2,aggregated,qm9_full:gdb_25521,qm9_full,gdb_25521,25522,c1cnc(cn1)OC=O,O=COc1cnccn1,-0.2676,-0.2676,-0.2676,0,-0.2676,-0.0683,-0.0683,-0.0683,0,-0.0683,0.1993,0.1993,0.1993,0,0.1993
CC#Cc1cnccn1,2,aggregated,qm9_full:gdb_25673,qm9_full,gdb_25673,25674,CC#Cc1cnccn1,CC#Cc1cnccn1,-0.2424,-0.2425,-0.2424,0.0001,-0.24245,-0.0556,-0.0556,-0.0556,0,-0.0556,0.1869,0.1869,0.1869,0,0.1869
CC#Cc1cnccn1,2,aggregated,qm9_full:gdb_25677,qm9_full,gdb_25677,25678,CC#Cc1cnccn1,CC#Cc1cnccn1,-0.2425,-0.2425,-0.2424,0.0001,-0.24245,-0.0556,-0.0556,-0.0556,0,-0.0556,0.1869,0.1869,0.1869,0,0.1869
CC(=O)c1cnccn1,2,aggregated,qm9_full:gdb_25834,qm9_full,gdb_25834,25835,CC(=O)c1cnccn1,CC(=O)c1cnccn1,-0.2458,-0.2458,-0.2458,0,-0.2458,-0.0793,-0.0793,-0.0793,0,-0.0793,0.1665,0.1665,0.1665,0,0.1665
CC(=O)c1cnccn1,2,aggregated,qm9_full:gdb_25838,qm9_full,gdb_25838,25839,CC(=O)c1cnccn1,CC(=O)c1cnccn1,-0.2458,-0.2458,-0.2458,0,-0.2458,-0.0793,-0.0793,-0.0793,0,-0.0793,0.1665,0.1665,0.1665,0,0.1665
NC(=O)c1cnccn1,2,aggregated,qm9_full:gdb_25846,qm9_full,gdb_25846,25847,c1cnc(cn1)C(=O)N,NC(=O)c1cnccn1,-0.2475,-0.2475,-0.2475,0,-0.2475,-0.0693,-0.0693,-0.0693,0,-0.0693,0.1782,0.1782,0.1782,0,0.1782
NC(=O)c1cnccn1,2,aggregated,qm9_full:gdb_25850,qm9_full,gdb_25850,25851,c1cnc(cn1)C(=O)N,NC(=O)c1cnccn1,-0.2475,-0.2475,-0.2475,0,-0.2475,-0.0693,-0.0693,-0.0693,0,-0.0693,0.1782,0.1782,0.1782,0,0.1782
CC(C)c1cnccn1,2,aggregated,qm9_full:gdb_26267,qm9_full,gdb_26267,26268,CC(C)c1cnccn1,CC(C)c1cnccn1,-0.2422,-0.2422,-0.2422,0,-0.2422,-0.044,-0.044,-0.044,0,-0.044,0.1982,0.1982,0.1982,0,0.1982
CC(C)c1cnccn1,2,aggregated,qm9_full:gdb_26271,qm9_full,gdb_26271,26272,CC(C)c1cnccn1,CC(C)c1cnccn1,-0.2422,-0.2422,-0.2422,0,-0.2422,-0.044,-0.044,-0.044,0,-0.044,0.1982,0.1982,0.1982,0,0.1982
CC(O)c1cnccn1,2,aggregated,qm9_full:gdb_26277,qm9_full,gdb_26277,26278,CC(O)C1=CN=CC=N1,CC(O)c1cnccn1,-0.2567,-0.2567,-0.2567,0,-0.2567,-0.0575,-0.0575,-0.0575,0,-0.0575,0.1992,0.1992,0.1992,0,0.1992
CC(O)c1cnccn1,2,aggregated,qm9_full:gdb_26281,qm9_full,gdb_26281,26282,CC(O)C1=NC=CN=C1,CC(O)c1cnccn1,-0.2567,-0.2567,-0.2567,0,-0.2567,-0.0575,-0.0575,-0.0575,0,-0.0575,0.1992,0.1992,0.1992,0,0.1992
CN(C)c1cnccn1,2,aggregated,qm9_full:gdb_26286,qm9_full,gdb_26286,26287,CN(C)c1cnccn1,CN(C)c1cnccn1,-0.2054,-0.2054,-0.2054,0,-0.2054,-0.0315,-0.0315,-0.0315,0,-0.0315,0.1739,0.1739,0.1739,0,0.1739
CN(C)c1cnccn1,2,aggregated,qm9_full:gdb_26290,qm9_full,gdb_26290,26291,CN(C)c1cnccn1,CN(C)c1cnccn1,-0.2054,-0.2054,-0.2054,0,-0.2054,-0.0315,-0.0315,-0.0315,0,-0.0315,0.1739,0.1739,0.1739,0,0.1739
Cc1cnc(C=O)cn1,2,aggregated,qm9_full:gdb_28616,qm9_full,gdb_28616,28617,Cc1cnc(cn1)C=O,Cc1cnc(C=O)cn1,-0.2511,-0.2511,-0.2511,0,-0.2511,-0.0823,-0.0823,-0.0823,0,-0.0823,0.1688,0.1688,0.1688,0,0.1688
Cc1cnc(C=O)cn1,2,aggregated,qm9_full:gdb_28620,qm9_full,gdb_28620,28621,Cc1cnc(cn1)C=O,Cc1cnc(C=O)cn1,-0.2511,-0.2511,-0.2511,0,-0.2511,-0.0823,-0.0823,-0.0823,0,-0.0823,0.1688,0.1688,0.1688,0,0.1688
Nc1cnc(C=O)cn1,2,aggregated,qm9_full:gdb_28623,qm9_full,gdb_28623,28624,c1c(ncc(n1)N)C=O,Nc1cnc(C=O)cn1,-0.2398,-0.2398,-0.2398,0,-0.2398,-0.0644,-0.0644,-0.0644,0,-0.0644,0.1754,0.1754,0.1754,0,0.1754
Nc1cnc(C=O)cn1,2,aggregated,qm9_full:gdb_28627,qm9_full,gdb_28627,28628,c1c(ncc(n1)N)C=O,Nc1cnc(C=O)cn1,-0.2398,-0.2398,-0.2398,0,-0.2398,-0.0644,-0.0644,-0.0644,0,-0.0644,0.1754,0.1754,0.1754,0,0.1754
O=Cc1cnc(O)cn1,2,aggregated,qm9_full:gdb_28628,qm9_full,gdb_28628,28629,c1c(ncc(n1)O)C=O,O=Cc1cnc(O)cn1,-0.2563,-0.2563,-0.2563,0,-0.2563,-0.0747,-0.0747,-0.0747,0,-0.0747,0.1816,0.1816,0.1816,0,0.1816
O=Cc1cnc(O)cn1,2,aggregated,qm9_full:gdb_28631,qm9_full,gdb_28631,28632,c1c(ncc(n1)O)C=O,O=Cc1cnc(O)cn1,-0.2563,-0.2563,-0.2563,0,-0.2563,-0.0747,-0.0747,-0.0747,0,-0.0747,0.1816,0.1816,0.1816,0,0.1816
C#Cc1cnc(C)cn1,2,aggregated,qm9_full:gdb_28636,qm9_full,gdb_28636,28637,Cc1cnc(cn1)C#C,C#Cc1cnc(C)cn1,-0.2476,-0.2476,-0.2476,0,-0.2476,-0.0594,-0.0594,-0.0594,0,-0.0594,0.1882,0.1882,0.1882,0,0.1882
C#Cc1cnc(C)cn1,2,aggregated,qm9_full:gdb_28644,qm9_full,gdb_28644,28645,Cc1cnc(cn1)C#C,C#Cc1cnc(C)cn1,-0.2476,-0.2476,-0.2476,0,-0.2476,-0.0594,-0.0594,-0.0594,0,-0.0594,0.1882,0.1882,0.1882,0,0.1882
Cc1cnc(C#N)cn1,2,aggregated,qm9_full:gdb_28637,qm9_full,gdb_28637,28638,Cc1cnc(cn1)C#N,Cc1cnc(C#N)cn1,-0.2723,-0.2723,-0.2723,0,-0.2723,-0.0823,-0.0823,-0.0823,0,-0.0823,0.1899,0.1899,0.1899,0,0.1899
Cc1cnc(C#N)cn1,2,aggregated,qm9_full:gdb_28645,qm9_full,gdb_28645,28646,Cc1cnc(cn1)C#N,Cc1cnc(C#N)cn1,-0.2723,-0.2723,-0.2723,0,-0.2723,-0.0823,-0.0823,-0.0823,0,-0.0823,0.1899,0.1899,0.1899,0,0.1899
C#Cc1cnc(N)cn1,2,aggregated,qm9_full:gdb_28650,qm9_full,gdb_28650,28651,C#Cc1cnc(cn1)N,C#Cc1cnc(N)cn1,-0.2173,-0.2173,-0.2173,0,-0.2173,-0.0444,-0.0444,-0.0444,0,-0.0444,0.1729,0.1729,0.1729,0,0.1729
C#Cc1cnc(N)cn1,2,aggregated,qm9_full:gdb_28658,qm9_full,gdb_28658,28659,C#Cc1cnc(cn1)N,C#Cc1cnc(N)cn1,-0.2173,-0.2173,-0.2173,0,-0.2173,-0.0444,-0.0444,-0.0444,0,-0.0444,0.1729,0.1729,0.1729,0,0.1729
N#Cc1cnc(N)cn1,2,aggregated,qm9_full:gdb_28651,qm9_full,gdb_28651,28652,c1c(ncc(n1)N)C#N,N#Cc1cnc(N)cn1,-0.2436,-0.2436,-0.2436,0,-0.2436,-0.0638,-0.0638,-0.0638,0,-0.0638,0.1798,0.1798,0.1798,0,0.1798
N#Cc1cnc(N)cn1,2,aggregated,qm9_full:gdb_28659,qm9_full,gdb_28659,28660,c1c(ncc(n1)N)C#N,N#Cc1cnc(N)cn1,-0.2436,-0.2436,-0.2436,0,-0.2436,-0.0638,-0.0638,-0.0638,0,-0.0638,0.1798,0.1798,0.1798,0,0.1798
C#Cc1cnc(O)cn1,2,aggregated,qm9_full:gdb_28663,qm9_full,gdb_28663,28664,C#Cc1cnc(cn1)O,C#Cc1cnc(O)cn1,-0.2368,-0.2368,-0.2368,0,-0.2368,-0.0555,-0.0555,-0.0555,0,-0.0555,0.1814,0.1814,0.1814,0,0.1814
C#Cc1cnc(O)cn1,2,aggregated,qm9_full:gdb_28670,qm9_full,gdb_28670,28671,C#Cc1cnc(cn1)O,C#Cc1cnc(O)cn1,-0.2368,-0.2368,-0.2368,0,-0.2368,-0.0555,-0.0555,-0.0555,0,-0.0555,0.1814,0.1814,0.1814,0,0.1814
N#Cc1cnc(O)cn1,2,aggregated,qm9_full:gdb_28664,qm9_full,gdb_28664,28665,c1c(ncc(n1)O)C#N,N#Cc1cnc(O)cn1,-0.2692,-0.2692,-0.2692,0,-0.2692,-0.077,-0.077,-0.077,0,-0.077,0.1922,0.1922,0.1922,0,0.1922
N#Cc1cnc(O)cn1,2,aggregated,qm9_full:gdb_28671,qm9_full,gdb_28671,28672,c1c(ncc(n1)O)C#N,N#Cc1cnc(O)cn1,-0.2692,-0.2692,-0.2692,0,-0.2692,-0.077,-0.077,-0.077,0,-0.077,0.1922,0.1922,0.1922,0,0.1922
NC=Nc1cnccn1,2,aggregated,qm9_full:gdb_30542,qm9_full,gdb_30542,30543,c1cnc(cn1)N=CN,NC=Nc1cnccn1,-0.217,-0.217,-0.217,0,-0.217,-0.0413,-0.0413,-0.0413,0,-0.0413,0.1757,0.1757,0.1757,0,0.1757
NC=Nc1cnccn1,2,aggregated,qm9_full:gdb_30544,qm9_full,gdb_30544,30545,c1cnc(cn1)N=CN,NC=Nc1cnccn1,-0.217,-0.217,-0.217,0,-0.217,-0.0413,-0.0413,-0.0413,0,-0.0413,0.1757,0.1757,0.1757,0,0.1757
Cc1cnc(CO)cn1,2,aggregated,qm9_full:gdb_31796,qm9_full,gdb_31796,31797,Cc1cnc(cn1)CO,Cc1cnc(CO)cn1,-0.2376,-0.2376,-0.2376,0,-0.2376,-0.0418,-0.0418,-0.0418,0,-0.0418,0.1958,0.1958,0.1958,0,0.1958
Cc1cnc(CO)cn1,2,aggregated,qm9_full:gdb_31800,qm9_full,gdb_31800,31801,Cc1cnc(cn1)CO,Cc1cnc(CO)cn1,-0.2376,-0.2376,-0.2376,0,-0.2376,-0.0418,-0.0418,-0.0418,0,-0.0418,0.1958,0.1958,0.1958,0,0.1958
CCc1cnc(C)cn1,2,aggregated,qm9_full:gdb_31805,qm9_full,gdb_31805,31806,CCc1cnc(cn1)C,CCc1cnc(C)cn1,-0.2385,-0.2385,-0.2385,0,-0.2385,-0.0432,-0.0432,-0.0432,0,-0.0432,0.1953,0.1953,0.1953,0,0.1953
CCc1cnc(C)cn1,2,aggregated,qm9_full:gdb_31815,qm9_full,gdb_31815,31816,CCc1cnc(cn1)C,CCc1cnc(C)cn1,-0.2385,-0.2385,-0.2385,0,-0.2385,-0.0432,-0.0432,-0.0432,0,-0.0432,0.1953,0.1953,0.1953,0,0.1953
CCc1cnc(N)cn1,2,aggregated,qm9_full:gdb_31808,qm9_full,gdb_31808,31809,CCc1cnc(cn1)N,CCc1cnc(N)cn1,-0.2162,-0.2162,-0.2162,0,-0.2162,-0.0339,-0.0339,-0.0339,0,-0.0339,0.1823,0.1823,0.1823,0,0.1823
CCc1cnc(N)cn1,2,aggregated,qm9_full:gdb_31818,qm9_full,gdb_31818,31819,CCc1cnc(cn1)N,CCc1cnc(N)cn1,-0.2162,-0.2162,-0.2162,0,-0.2162,-0.0339,-0.0339,-0.0339,0,-0.0339,0.1823,0.1823,0.1823,0,0.1823
CCc1cnc(O)cn1,2,aggregated,qm9_full:gdb_31811,qm9_full,gdb_31811,31812,CCc1cnc(cn1)O,CCc1cnc(O)cn1,-0.238,-0.238,-0.238,0,-0.238,-0.0442,-0.0442,-0.0442,0,-0.0442,0.1938,0.1938,0.1938,0,0.1938
CCc1cnc(O)cn1,2,aggregated,qm9_full:gdb_31821,qm9_full,gdb_31821,31822,CCc1cnc(cn1)O,CCc1cnc(O)cn1,-0.238,-0.238,-0.238,0,-0.238,-0.0442,-0.0442,-0.0442,0,-0.0442,0.1938,0.1938,0.1938,0,0.1938
CNc1cnc(C)cn1,2,aggregated,qm9_full:gdb_31826,qm9_full,gdb_31826,31827,Cc1cnc(cn1)NC,CNc1cnc(C)cn1,-0.2053,-0.2053,-0.2053,0,-0.2053,-0.0312,-0.0312,-0.0312,0,-0.0312,0.1741,0.1741,0.1741,0,0.1741
CNc1cnc(C)cn1,2,aggregated,qm9_full:gdb_31836,qm9_full,gdb_31836,31837,Cc1cnc(cn1)NC,CNc1cnc(C)cn1,-0.2053,-0.2053,-0.2053,0,-0.2053,-0.0312,-0.0312,-0.0312,0,-0.0312,0.1741,0.1741,0.1741,0,0.1741
CNc1cnc(N)cn1,2,aggregated,qm9_full:gdb_31829,qm9_full,gdb_31829,31830,CNc1cnc(cn1)N,CNc1cnc(N)cn1,-0.1846,-0.1846,-0.1846,0,-0.1846,-0.0284,-0.0284,-0.0284,0,-0.0284,0.1563,0.1563,0.1563,0,0.1563
CNc1cnc(N)cn1,2,aggregated,qm9_full:gdb_31839,qm9_full,gdb_31839,31840,CNc1cnc(cn1)N,CNc1cnc(N)cn1,-0.1846,-0.1846,-0.1846,0,-0.1846,-0.0284,-0.0284,-0.0284,0,-0.0284,0.1563,0.1563,0.1563,0,0.1563
CNc1cnc(O)cn1,2,aggregated,qm9_full:gdb_31832,qm9_full,gdb_31832,31833,CNc1cnc(cn1)O,CNc1cnc(O)cn1,-0.1975,-0.1975,-0.1975,0,-0.1975,-0.0366,-0.0366,-0.0366,0,-0.0366,0.1609,0.1609,0.1609,0,0.1609
CNc1cnc(O)cn1,2,aggregated,qm9_full:gdb_31842,qm9_full,gdb_31842,31843,CNc1cnc(cn1)O,CNc1cnc(O)cn1,-0.1975,-0.1975,-0.1975,0,-0.1975,-0.0366,-0.0366,-0.0366,0,-0.0366,0.1609,0.1609,0.1609,0,0.1609
COc1cnc(C)cn1,2,aggregated,qm9_full:gdb_31847,qm9_full,gdb_31847,31848,Cc1cnc(cn1)OC,COc1cnc(C)cn1,-0.2318,-0.2318,-0.2318,0,-0.2318,-0.0393,-0.0393,-0.0393,0,-0.0393,0.1925,0.1925,0.1925,0,0.1925
COc1cnc(C)cn1,2,aggregated,qm9_full:gdb_31857,qm9_full,gdb_31857,31858,Cc1cnc(cn1)OC,COc1cnc(C)cn1,-0.2318,-0.2318,-0.2318,0,-0.2318,-0.0393,-0.0393,-0.0393,0,-0.0393,0.1925,0.1925,0.1925,0,0.1925
COc1cnc(N)cn1,2,aggregated,qm9_full:gdb_31850,qm9_full,gdb_31850,31851,COc1cnc(cn1)N,COc1cnc(N)cn1,-0.2022,-0.2022,-0.2022,0,-0.2022,-0.0352,-0.0352,-0.0352,0,-0.0352,0.167,0.167,0.167,0,0.167
COc1cnc(N)cn1,2,aggregated,qm9_full:gdb_31860,qm9_full,gdb_31860,31861,COc1cnc(cn1)N,COc1cnc(N)cn1,-0.2022,-0.2022,-0.2022,0,-0.2022,-0.0352,-0.0352,-0.0352,0,-0.0352,0.167,0.167,0.167,0,0.167
COc1cnc(O)cn1,2,aggregated,qm9_full:gdb_31853,qm9_full,gdb_31853,31854,COc1cnc(cn1)O,COc1cnc(O)cn1,-0.2192,-0.2192,-0.2192,0,-0.2192,-0.0445,-0.0445,-0.0445,0,-0.0445,0.1747,0.1747,0.1747,0,0.1747
COc1cnc(O)cn1,2,aggregated,qm9_full:gdb_31863,qm9_full,gdb_31863,31864,COc1cnc(cn1)O,COc1cnc(O)cn1,-0.2192,-0.2192,-0.2192,0,-0.2192,-0.0445,-0.0445,-0.0445,0,-0.0445,0.1747,0.1747,0.1747,0,0.1747
Nc1cnc(CO)cn1,2,aggregated,qm9_full:gdb_31866,qm9_full,gdb_31866,31867,c1c(ncc(n1)N)CO,Nc1cnc(CO)cn1,-0.2146,-0.2146,-0.2146,0,-0.2146,-0.0322,-0.0322,-0.0322,0,-0.0322,0.1824,0.1824,0.1824,0,0.1824
Nc1cnc(CO)cn1,2,aggregated,qm9_full:gdb_31870,qm9_full,gdb_31870,31871,c1c(ncc(n1)N)CO,Nc1cnc(CO)cn1,-0.2146,-0.2146,-0.2146,0,-0.2146,-0.0322,-0.0322,-0.0322,0,-0.0322,0.1824,0.1824,0.1824,0,0.1824
OCc1cnc(O)cn1,2,aggregated,qm9_full:gdb_31873,qm9_full,gdb_31873,31874,c1c(ncc(n1)O)CO,OCc1cnc(O)cn1,-0.2362,-0.2362,-0.2362,0,-0.2362,-0.0426,-0.0426,-0.0426,0,-0.0426,0.1936,0.1936,0.1936,0,0.1936
OCc1cnc(O)cn1,2,aggregated,qm9_full:gdb_31877,qm9_full,gdb_31877,31878,c1c(ncc(n1)O)CO,OCc1cnc(O)cn1,-0.2362,-0.2362,-0.2362,0,-0.2362,-0.0426,-0.0426,-0.0426,0,-0.0426,0.1936,0.1936,0.1936,0,0.1936
CCCc1cnccn1,2,aggregated,qm9_full:gdb_32986,qm9_full,gdb_32986,32987,CCCc1cnccn1,CCCc1cnccn1,-0.2427,-0.2427,-0.2427,0,-0.2427,-0.0461,-0.0461,-0.0461,0,-0.0461,0.1966,0.1966,0.1966,0,0.1966
CCCc1cnccn1,2,aggregated,qm9_full:gdb_32990,qm9_full,gdb_32990,32991,CCCc1cnccn1,CCCc1cnccn1,-0.2427,-0.2427,-0.2427,0,-0.2427,-0.0461,-0.0461,-0.0461,0,-0.0461,0.1966,0.1966,0.1966,0,0.1966
CCNc1cnccn1,2,aggregated,qm9_full:gdb_32995,qm9_full,gdb_32995,32996,CCNc1cnccn1,CCNc1cnccn1,-0.2108,-0.2108,-0.2108,0,-0.2108,-0.0317,-0.0317,-0.0317,0,-0.0317,0.1791,0.1791,0.1791,0,0.1791
CCNc1cnccn1,2,aggregated,qm9_full:gdb_32999,qm9_full,gdb_32999,33000,CCNc1cnccn1,CCNc1cnccn1,-0.2108,-0.2108,-0.2108,0,-0.2108,-0.0317,-0.0317,-0.0317,0,-0.0317,0.1791,0.1791,0.1791,0,0.1791
CCOc1cnccn1,2,aggregated,qm9_full:gdb_33005,qm9_full,gdb_33005,33006,CCOc1cnccn1,CCOc1cnccn1,-0.2394,-0.2394,-0.2394,0,-0.2394,-0.0405,-0.0405,-0.0405,0,-0.0405,0.1989,0.1989,0.1989,0,0.1989
CCOc1cnccn1,2,aggregated,qm9_full:gdb_33009,qm9_full,gdb_33009,33010,CCOc1cnccn1,CCOc1cnccn1,-0.2394,-0.2394,-0.2394,0,-0.2394,-0.0405,-0.0405,-0.0405,0,-0.0405,0.1989,0.1989,0.1989,0,0.1989
COCc1cnccn1,2,aggregated,qm9_full:gdb_33017,qm9_full,gdb_33017,33018,COCc1cnccn1,COCc1cnccn1,-0.2431,-0.2431,-0.2431,0,-0.2431,-0.0459,-0.0459,-0.0459,0,-0.0459,0.1973,0.1973,0.1973,0,0.1973
COCc1cnccn1,2,aggregated,qm9_full:gdb_33021,qm9_full,gdb_33021,33022,COCc1cnccn1,COCc1cnccn1,-0.2431,-0.2431,-0.2431,0,-0.2431,-0.0459,-0.0459,-0.0459,0,-0.0459,0.1973,0.1973,0.1973,0,0.1973
OCCc1cnccn1,2,aggregated,qm9_full:gdb_33027,qm9_full,gdb_33027,33028,c1cnc(cn1)CCO,OCCc1cnccn1,-0.2461,-0.2461,-0.2461,0,-0.2461,-0.0507,-0.0507,-0.0507,0,-0.0507,0.1954,0.1954,0.1954,0,0.1954
OCCc1cnccn1,2,aggregated,qm9_full:gdb_33031,qm9_full,gdb_33031,33032,c1cnc(cn1)CCO,OCCc1cnccn1,-0.2461,-0.2461,-0.2461,0,-0.2461,-0.0507,-0.0507,-0.0507,0,-0.0507,0.1954,0.1954,0.1954,0,0.1954
Cc1c(O)cnnc1N,2,aggregated,qm9_full:gdb_125034,qm9_full,gdb_125034,125035,Cc1c(cnnc1N)O,Cc1c(O)cnnc1N,-0.2205,-0.2205,-0.2205,0,-0.2205,-0.0252,-0.0252,-0.0252,0,-0.0252,0.1953,0.1953,0.1953,0,0.1953
Cc1c(O)cnnc1N,2,aggregated,qm9_full:gdb_125112,qm9_full,gdb_125112,125113,Cc1c(cnnc1N)O,Cc1c(O)cnnc1N,-0.2205,-0.2205,-0.2205,0,-0.2205,-0.0252,-0.0252,-0.0252,0,-0.0252,0.1953,0.1953,0.1953,0,0.1953
Cc1c(O)cnnc1O,2,aggregated,qm9_full:gdb_125113,qm9_full,gdb_125113,125114,Cc1c(cnnc1O)O,Cc1c(O)cnnc1O,-0.2339,-0.2339,-0.2339,0,-0.2339,-0.0345,-0.0345,-0.0345,0,-0.0345,0.1994,0.1994,0.1994,0,0.1994
Cc1c(O)cnnc1O,2,aggregated,qm9_full:gdb_125115,qm9_full,gdb_125115,125116,Cc1c(cnnc1O)O,Cc1c(O)cnnc1O,-0.2339,-0.2339,-0.2339,0,-0.2339,-0.0345,-0.0345,-0.0345,0,-0.0345,0.1994,0.1994,0.1994,0,0.1994
Nc1nncc(O)c1O,2,aggregated,qm9_full:gdb_129713,qm9_full,gdb_129713,129714,c1c(c(c(nn1)N)O)O,Nc1nncc(O)c1O,-0.2286,-0.2286,-0.2286,0,-0.2286,-0.0225,-0.0225,-0.0225,0,-0.0225,0.2061,0.2061,0.2061,0,0.2061
Nc1nncc(O)c1O,2,aggregated,qm9_full:gdb_130115,qm9_full,gdb_130115,130116,c1c(c(c(nn1)N)O)O,Nc1nncc(O)c1O,-0.2286,-0.2286,-0.2286,0,-0.2286,-0.0225,-0.0225,-0.0225,0,-0.0225,0.2061,0.2061,0.2061,0,0.2061
Nc1c(O)cnnc1O,2,aggregated,qm9_full:gdb_129715,qm9_full,gdb_129715,129716,c1c(c(c(nn1)O)N)O,Nc1c(O)cnnc1O,-0.2164,-0.2164,-0.2164,0,-0.2164,-0.0167,-0.0167,-0.0167,0,-0.0167,0.1997,0.1997,0.1997,0,0.1997
Nc1c(O)cnnc1O,2,aggregated,qm9_full:gdb_129721,qm9_full,gdb_129721,129722,c1c(c(c(nn1)O)N)O,Nc1c(O)cnnc1O,-0.2164,-0.2164,-0.2164,0,-0.2164,-0.0167,-0.0167,-0.0167,0,-0.0167,0.1997,0.1997,0.1997,0,0.1997
O=[N+]([O-])c1cnccn1,2,aggregated,qm9_full:gdb_131918,qm9_full,gdb_131918,131919,c1cnc(cn1)N(=O)=O,O=[N+]([O-])c1cnccn1,-0.2813,-0.2813,-0.2813,0,-0.2813,-0.1057,-0.1057,-0.1057,0,-0.1057,0.1756,0.1756,0.1757,0.0001,0.17565
O=[N+]([O-])c1cnccn1,2,aggregated,qm9_full:gdb_131922,qm9_full,gdb_131922,131923,c1cnc(cn1)N(=O)=O,O=[N+]([O-])c1cnccn1,-0.2813,-0.2813,-0.2813,0,-0.2813,-0.1057,-0.1057,-0.1057,0,-0.1057,0.1757,0.1756,0.1757,0.0001,0.17565
O=Cc1cnc(F)cn1,2,aggregated,qm9_full:gdb_132707,qm9_full,gdb_132707,132708,c1c(ncc(n1)F)C=O,O=Cc1cnc(F)cn1,-0.2651,-0.2651,-0.2651,0,-0.2651,-0.0908,-0.0908,-0.0908,0,-0.0908,0.1743,0.1743,0.1743,0,0.1743
O=Cc1cnc(F)cn1,2,aggregated,qm9_full:gdb_132711,qm9_full,gdb_132711,132712,c1c(ncc(n1)F)C=O,O=Cc1cnc(F)cn1,-0.2651,-0.2651,-0.2651,0,-0.2651,-0.0908,-0.0908,-0.0908,0,-0.0908,0.1743,0.1743,0.1743,0,0.1743
C#Cc1cnc(F)cn1,2,aggregated,qm9_full:gdb_132716,qm9_full,gdb_132716,132717,C#Cc1cnc(cn1)F,C#Cc1cnc(F)cn1,-0.256,-0.256,-0.256,0,-0.256,-0.0676,-0.0676,-0.0676,0,-0.0676,0.1884,0.1884,0.1884,0,0.1884
C#Cc1cnc(F)cn1,2,aggregated,qm9_full:gdb_132724,qm9_full,gdb_132724,132725,C#Cc1cnc(cn1)F,C#Cc1cnc(F)cn1,-0.256,-0.256,-0.256,0,-0.256,-0.0676,-0.0676,-0.0676,0,-0.0676,0.1884,0.1884,0.1884,0,0.1884
N#Cc1cnc(F)cn1,2,aggregated,qm9_full:gdb_132717,qm9_full,gdb_132717,132718,c1c(ncc(n1)F)C#N,N#Cc1cnc(F)cn1,-0.2927,-0.2927,-0.2927,0,-0.2927,-0.0907,-0.0907,-0.0907,0,-0.0907,0.202,0.202,0.202,0,0.202
N#Cc1cnc(F)cn1,2,aggregated,qm9_full:gdb_132725,qm9_full,gdb_132725,132726,c1c(ncc(n1)F)C#N,N#Cc1cnc(F)cn1,-0.2927,-0.2927,-0.2927,0,-0.2927,-0.0907,-0.0907,-0.0907,0,-0.0907,0.202,0.202,0.202,0,0.202
CCc1cnc(F)cn1,2,aggregated,qm9_full:gdb_133035,qm9_full,gdb_133035,133036,CCc1cnc(cn1)F,CCc1cnc(F)cn1,-0.2614,-0.2614,-0.2614,0,-0.2614,-0.0555,-0.0555,-0.0555,0,-0.0555,0.206,0.206,0.206,0,0.206
CCc1cnc(F)cn1,2,aggregated,qm9_full:gdb_133039,qm9_full,gdb_133039,133040,CCc1cnc(cn1)F,CCc1cnc(F)cn1,-0.2614,-0.2614,-0.2614,0,-0.2614,-0.0555,-0.0555,-0.0555,0,-0.0555,0.206,0.206,0.206,0,0.206
CNc1cnc(F)cn1,2,aggregated,qm9_full:gdb_133042,qm9_full,gdb_133042,133043,CNc1cnc(cn1)F,CNc1cnc(F)cn1,-0.2131,-0.2131,-0.2131,0,-0.2131,-0.0453,-0.0453,-0.0453,0,-0.0453,0.1678,0.1678,0.1678,0,0.1678
CNc1cnc(F)cn1,2,aggregated,qm9_full:gdb_133046,qm9_full,gdb_133046,133047,CNc1cnc(cn1)F,CNc1cnc(F)cn1,-0.2131,-0.2131,-0.2131,0,-0.2131,-0.0453,-0.0453,-0.0453,0,-0.0453,0.1678,0.1678,0.1678,0,0.1678
COc1cnc(F)cn1,2,aggregated,qm9_full:gdb_133049,qm9_full,gdb_133049,133050,COc1cnc(cn1)F,COc1cnc(F)cn1,-0.24,-0.24,-0.24,0,-0.24,-0.0543,-0.0543,-0.0543,0,-0.0543,0.1857,0.1857,0.1857,0,0.1857
COc1cnc(F)cn1,2,aggregated,qm9_full:gdb_133053,qm9_full,gdb_133053,133054,COc1cnc(cn1)F,COc1cnc(F)cn1,-0.24,-0.24,-0.24,0,-0.24,-0.0543,-0.0543,-0.0543,0,-0.0543,0.1857,0.1857,0.1857,0,0.1857
OCc1cnc(F)cn1,2,aggregated,qm9_full:gdb_133056,qm9_full,gdb_133056,133057,c1c(ncc(n1)F)CO,OCc1cnc(F)cn1,-0.2592,-0.2592,-0.2592,0,-0.2592,-0.054,-0.054,-0.054,0,-0.054,0.2052,0.2052,0.2052,0,0.2052
OCc1cnc(F)cn1,2,aggregated,qm9_full:gdb_133060,qm9_full,gdb_133060,133061,c1c(ncc(n1)F)CO,OCc1cnc(F)cn1,-0.2592,-0.2592,-0.2592,0,-0.2592,-0.054,-0.054,-0.054,0,-0.054,0.2052,0.2052,0.2052,0,0.2052
Cc1c(F)cnnc1N,2,aggregated,qm9_full:gdb_133133,qm9_full,gdb_133133,133134,Cc1c(cnnc1N)F,Cc1c(F)cnnc1N,-0.229,-0.2291,-0.229,0.0001,-0.22905,-0.0354,-0.0354,-0.0354,0,-0.0354,0.1936,0.1936,0.1936,0,0.1936
Cc1c(F)cnnc1N,2,aggregated,qm9_full:gdb_133148,qm9_full,gdb_133148,133149,Cc1c(cnnc1N)F,Cc1c(F)cnnc1N,-0.2291,-0.2291,-0.229,0.0001,-0.22905,-0.0354,-0.0354,-0.0354,0,-0.0354,0.1936,0.1936,0.1936,0,0.1936
Cc1c(O)cnnc1F,2,aggregated,qm9_full:gdb_133149,qm9_full,gdb_133149,133150,Cc1c(cnnc1F)O,Cc1c(O)cnnc1F,-0.2411,-0.2411,-0.2411,0,-0.2411,-0.0453,-0.0453,-0.0452,0.0001,-0.04525,0.1958,0.1958,0.1958,0,0.1958
Cc1c(O)cnnc1F,2,aggregated,qm9_full:gdb_133157,qm9_full,gdb_133157,133158,Cc1c(cnnc1F)O,Cc1c(O)cnnc1F,-0.2411,-0.2411,-0.2411,0,-0.2411,-0.0452,-0.0453,-0.0452,0.0001,-0.04525,0.1958,0.1958,0.1958,0,0.1958
Cc1c(F)cnnc1O,2,aggregated,qm9_full:gdb_133150,qm9_full,gdb_133150,133151,Cc1c(cnnc1O)F,Cc1c(F)cnnc1O,-0.244,-0.244,-0.244,0,-0.244,-0.0451,-0.0451,-0.0451,0,-0.0451,0.1989,0.1989,0.1989,0,0.1989
Cc1c(F)cnnc1O,2,aggregated,qm9_full:gdb_133156,qm9_full,gdb_133156,133157,Cc1c(cnnc1O)F,Cc1c(F)cnnc1O,-0.244,-0.244,-0.244,0,-0.244,-0.0451,-0.0451,-0.0451,0,-0.0451,0.1989,0.1989,0.1989,0,0.1989
Cc1c(F)cnnc1F,2,aggregated,qm9_full:gdb_133151,qm9_full,gdb_133151,133152,Cc1c(cnnc1F)F,Cc1c(F)cnnc1F,-0.2521,-0.2521,-0.2521,0,-0.2521,-0.0567,-0.0567,-0.0567,0,-0.0567,0.1954,0.1954,0.1954,0,0.1954
Cc1c(F)cnnc1F,2,aggregated,qm9_full:gdb_133158,qm9_full,gdb_133158,133159,Cc1c(cnnc1F)F,Cc1c(F)cnnc1F,-0.2521,-0.2521,-0.2521,0,-0.2521,-0.0567,-0.0567,-0.0567,0,-0.0567,0.1954,0.1954,0.1954,0,0.1954
Nc1nncc(F)c1N,2,aggregated,qm9_full:gdb_133301,qm9_full,gdb_133301,133302,c1c(c(c(nn1)N)N)F,Nc1nncc(F)c1N,-0.2255,-0.2255,-0.2255,0,-0.2255,-0.024,-0.024,-0.024,0,-0.024,0.2015,0.2015,0.2015,0,0.2015
Nc1nncc(F)c1N,2,aggregated,qm9_full:gdb_133364,qm9_full,gdb_133364,133365,c1c(c(c(nn1)N)N)F,Nc1nncc(F)c1N,-0.2255,-0.2255,-0.2255,0,-0.2255,-0.024,-0.024,-0.024,0,-0.024,0.2015,0.2015,0.2015,0,0.2015
Nc1nncc(F)c1O,2,aggregated,qm9_full:gdb_133316,qm9_full,gdb_133316,133317,c1c(c(c(nn1)N)O)F,Nc1nncc(F)c1O,-0.228,-0.228,-0.228,0,-0.228,-0.0286,-0.0286,-0.0286,0,-0.0286,0.1994,0.1994,0.1994,0,0.1994
Nc1nncc(F)c1O,2,aggregated,qm9_full:gdb_133366,qm9_full,gdb_133366,133367,c1c(c(c(nn1)N)O)F,Nc1nncc(F)c1O,-0.228,-0.228,-0.228,0,-0.228,-0.0286,-0.0286,-0.0286,0,-0.0286,0.1994,0.1994,0.1994,0,0.1994
Nc1nncc(O)c1F,2,aggregated,qm9_full:gdb_133317,qm9_full,gdb_133317,133318,c1c(c(c(nn1)N)F)O,Nc1nncc(O)c1F,-0.2313,-0.2313,-0.2313,0,-0.2313,-0.0295,-0.0295,-0.0295,0,-0.0295,0.2018,0.2018,0.2018,0,0.2018
Nc1nncc(O)c1F,2,aggregated,qm9_full:gdb_133365,qm9_full,gdb_133365,133366,c1c(c(c(nn1)N)F)O,Nc1nncc(O)c1F,-0.2313,-0.2313,-0.2313,0,-0.2313,-0.0295,-0.0295,-0.0295,0,-0.0295,0.2018,0.2018,0.2018,0,0.2018
Nc1nncc(F)c1F,2,aggregated,qm9_full:gdb_133318,qm9_full,gdb_133318,133319,c1c(c(c(nn1)N)F)F,Nc1nncc(F)c1F,-0.2409,-0.2409,-0.2409,0,-0.2409,-0.0419,-0.0419,-0.0419,0,-0.0419,0.199,0.199,0.199,0,0.199
Nc1nncc(F)c1F,2,aggregated,qm9_full:gdb_133367,qm9_full,gdb_133367,133368,c1c(c(c(nn1)N)F)F,Nc1nncc(F)c1F,-0.2409,-0.2409,-0.2409,0,-0.2409,-0.0419,-0.0419,-0.0419,0,-0.0419,0.199,0.199,0.199,0,0.199
Nc1c(O)cnnc1F,2,aggregated,qm9_full:gdb_133319,qm9_full,gdb_133319,133320,c1c(c(c(nn1)F)N)O,Nc1c(O)cnnc1F,-0.2309,-0.2309,-0.2309,0,-0.2309,-0.0268,-0.0268,-0.0268,0,-0.0268,0.2041,0.2041,0.2041,0,0.2041
Nc1c(O)cnnc1F,2,aggregated,qm9_full:gdb_133327,qm9_full,gdb_133327,133328,c1c(c(c(nn1)F)N)O,Nc1c(O)cnnc1F,-0.2309,-0.2309,-0.2309,0,-0.2309,-0.0268,-0.0268,-0.0268,0,-0.0268,0.2041,0.2041,0.2041,0,0.2041
Nc1c(F)cnnc1O,2,aggregated,qm9_full:gdb_133320,qm9_full,gdb_133320,133321,c1c(c(c(nn1)O)N)F,Nc1c(F)cnnc1O,-0.2309,-0.2309,-0.2309,0,-0.2309,-0.0281,-0.0281,-0.0281,0,-0.0281,0.2028,0.2028,0.2028,0,0.2028
Nc1c(F)cnnc1O,2,aggregated,qm9_full:gdb_133326,qm9_full,gdb_133326,133327,c1c(c(c(nn1)O)N)F,Nc1c(F)cnnc1O,-0.2309,-0.2309,-0.2309,0,-0.2309,-0.0281,-0.0281,-0.0281,0,-0.0281,0.2028,0.2028,0.2028,0,0.2028
Nc1c(F)cnnc1F,2,aggregated,qm9_full:gdb_133321,qm9_full,gdb_133321,133322,c1c(c(c(nn1)F)N)F,Nc1c(F)cnnc1F,-0.2454,-0.2454,-0.2454,0,-0.2454,-0.0387,-0.0388,-0.0387,0.0001,-0.03875,0.2067,0.2067,0.2067,0,0.2067
Nc1c(F)cnnc1F,2,aggregated,qm9_full:gdb_133328,qm9_full,gdb_133328,133329,c1c(c(c(nn1)F)N)F,Nc1c(F)cnnc1F,-0.2454,-0.2454,-0.2454,0,-0.2454,-0.0388,-0.0388,-0.0387,0.0001,-0.03875,0.2067,0.2067,0.2067,0,0.2067
